gbifid,decimallatitude,decimallongitude,month,year,aet,cwd,pet,ppt,tmn,tmx
4073902352,32.866667,-116.233333,12,1999,0,56.900001525878906,56.900001525878906,0.7300000190734863,5.170000076293945,20.239999771118164
4105781929,35.13333,-119.44417,9,2000,0,143.60000610351563,143.60000610351563,0,15.800000190734863,31.5
3059698113,34.4569,-116.9619,10,2000,0,106.30000305175781,106.30000305175781,3.940000057220459,8.960000038146973,25.290000915527344
3053365699,34.231,-114.193,11,2001,0,69.4000015258789,69.4000015258789,0,12.899999618530273,26.489999771118164
3053358347,34.173,-114.286,11,2001,0,69.19999694824219,69.19999694824219,0,12.489999771118164,26.479999542236328
3053380267,34.6335,-119.3695,6,2002,40.119998931884766,122.4800033569336,162.60000610351563,0.6000000238418579,8.34000015258789,29.010000228881836
3053481479,34.8313,-119.469,8,2002,0.07000000029802322,177.8300018310547,177.89999389648438,0,14.430000305175781,34.43000030517578
2430308456,34.202111,-114.228056,3,2003,25.200000762939453,79.30000305175781,104.5,20.290000915527344,11.289999961853027,25.3700008392334
2430134266,35.7110744,-117.9273501,3,2003,59.65999984741211,39.13999938964844,98.80000305175781,16.15999984741211,3.380000114440918,17.6299991607666
2430166885,36.719056,-118.157169,4,2003,0,124.69999694824219,124.69999694824219,4.769999980926514,4.260000228881836,19.510000228881836
2430225715,36.193326,-116.345418,6,2003,0,199.39999389648438,199.39999389648438,0,20.049999237060547,37.65999984741211
2422394418,33.825,-116.30972,6,2003,0,193.5,193.5,0,20.770000457763672,36.630001068115234
3125185739,34.20278,-114.22833,9,2003,3.2300000190734863,143.77000427246094,147,20.290000915527344,25.1299991607666,40.16999816894531
2430213388,34.095833,-114.49,9,2003,0,147.60000610351563,147.60000610351563,18.34000015258789,24.020000457763672,40.06999969482422
3125188737,35.11833,-116.28806,10,2003,0,115.19999694824219,115.19999694824219,0.699999988079071,13.9399995803833,35.439998626708984
3059698162,35.0606,-119.4086,10,2003,0,109.9000015258789,109.9000015258789,0,14.180000305175781,29.600000381469727
2430489038,35.6991251,-117.8722487,2,2004,0,61.599998474121094,61.599998474121094,62.709999084472656,1.1399999856948853,14.680000305175781
2430483332,35.016667,-116.65,4,2004,15.760000228881836,139.0399932861328,154.8000030517578,5.449999809265137,11.529999732971191,27.280000686645508
2430356792,34.173333,-114.278611,4,2004,NA,NA,144.1999969482422,16.639999389648438,15.619999885559082,30.59000015258789
2610091704,34.931944,-119.014722,5,2004,9.40999984741211,153.19000244140625,162.60000610351563,0,10.100000381469727,26.479999542236328
2422536365,35.32222,-119.36417,8,2004,0,192,192,0,18.56999969482422,35.0099983215332
2430534544,35.313369,-119.359489,9,2004,0,146.3000030517578,146.3000030517578,0,15.220000267028809,32.869998931884766
3503194428,34.483889,-116.483889,10,2004,23.729999542236328,85.2699966430664,109,53.83000183105469,10.289999961853027,25.229999542236328
3503184068,34.28722,-115.45111,10,2004,0,103.9000015258789,103.9000015258789,24.399999618530273,15.170000076293945,29.5
3503183660,34.32444,-115.47556,10,2004,0,103.19999694824219,103.19999694824219,24.75,15.180000305175781,29.530000686645508
2430334019,34.348056,-114.466667,10,2004,3.130000114440918,97.7699966430664,100.9000015258789,86.0199966430664,14.329999923706055,27.959999084472656
2430228635,35.688525,-117.9284499,10,2004,14.640000343322754,85.76000213623047,100.4000015258789,37.84000015258789,8.369999885559082,23.190000534057617
3125182688,32.9511,-116.3056,11,2004,0,64,64,15.5,7.150000095367432,19.610000610351563
2430230022,33.93462,-115.07478,2,2005,11.5600004196167,55.540000915527344,67.0999984741211,77.06999969482422,7.679999828338623,16.93000030517578
2422422171,33.51506,-115.88322,2,2005,10.699999809265137,62.099998474121094,72.80000305175781,71.26000213623047,9.079999923706055,19.729999542236328
2422446037,34.39333,-115.41944,3,2005,45.11000061035156,61.189998626708984,106.30000305175781,2.7300000190734863,10.489999771118164,25.059999465942383
2422423723,33.51306,-115.87667,3,2005,78.839996337890625,33.7599983215332,112.5999984741211,1.7699999809265137,10.9399995803833,24.290000915527344
3124978638,35.017222,-119.612778,4,2005,40.349998474121094,82.25,122.5999984741211,16.65999984741211,2.7300000190734863,18.959999084472656
2422432121,35.39083,-117.56778,4,2005,64.660003662109375,69.63999938964844,134.3000030517578,4.289999961853027,6.269999980926514,20.729999542236328
3059698106,35.3761,-116.1175,9,2005,0,148.89999389648438,148.89999389648438,15.920000076293945,18.56999969482422,36.75
2270176005,35.046667,-119.696667,9,2005,7.610000133514404,125.08999633789063,132.6999969482422,0.9200000166893005,10.770000457763672,28.190000534057617
3125057683,33.2219,-116.3468,10,2005,3.740000009536743,106.05999755859375,109.80000305175781,46.88999938964844,15.329999923706055,30.049999237060547
3125052676,32.8776,-116.1171,10,2005,8.989999771118164,100.01000213623047,109,30.43000030517578,13.6899995803833,30.8799991607666
3125051717,32.91989,-116.21801,10,2005,0,108.5999984741211,108.5999984741211,33.38999938964844,12.890000343322754,30.3799991607666
3125186695,32.8656,-116.2314,4,2006,0,136.5,136.5,0.7699999809265137,9.119999885559082,25.989999771118164
2421694929,36.098577,-118.946131,4,2006,130.89999389648438,0,130.89999389648438,117.7300033569336,8.329999923706055,20.3799991607666
2421693528,36.101933,-118.923665,4,2006,NA,NA,132.3000030517578,117.3499984741211,8.34000015258789,20.399999618530273
3125058706,32.9647,-116.3638,5,2006,0,173.60000610351563,173.60000610351563,0,12.460000038146973,33.41999816894531
4075557570,36.825721,-117.225537,7,2006,0,229.6999969482422,229.6999969482422,4.769999980926514,30.600000381469727,46.59000015258789
3125187715,33.1354,-116.3436,7,2006,0,200.10000610351563,200.10000610351563,2.990000009536743,24.739999771118164,41.209999084472656
3059698104,32.70144,-116.05553,10,2006,0,104.0999984741211,104.0999984741211,1.4600000381469727,11.319999694824219,28.209999084472656
2430148960,33.651516,-117.310342,10,2006,0,105.80000305175781,105.80000305175781,1.659999966621399,10.899999618530273,26.68000030517578
3125053688,32.8638,-116.2199,11,2006,0,75.5,75.5,0,10.149999618530273,26.43000030517578
2430316054,35.18,-119.131389,8,2007,0,194.10000610351563,194.10000610351563,0,19.559999465942383,35.529998779296875
3125183726,33.09648,-116.47507,10,2007,0,106.0999984741211,106.0999984741211,1.559999942779541,10.720000267028809,27.40999984741211
3125185735,32.84568,-116.19794,12,2007,0,52.70000076293945,52.70000076293945,15.319999694824219,4.789999961853027,17.549999237060547
3125180739,32.87094,-116.18838,12,2007,0,54.5,54.5,14.710000038146973,4.909999847412109,17.65999984741211
3125057688,33.17425,-116.24698,12,2007,1.1699999570846558,52.93000030517578,54.099998474121094,17.56999969482422,5.760000228881836,17.59000015258789
2430228733,35.301817,-116.083183,3,2008,0,110.30000305175781,110.30000305175781,0,7.380000114440918,25.8799991607666
2421708359,35.270831,-119.94279,3,2008,0,91.0999984741211,91.0999984741211,1.1299999952316284,2.200000047683716,18.889999389648438
2421706348,35.140457,-118.111656,3,2008,10.75,92.75,103.5,0.23999999463558197,3.950000047683716,19.389999389648438
2430507790,35.938583,-116.3235,4,2008,0,139.8000030517578,139.8000030517578,0,10.460000038146973,27.309999465942383
2422445941,35.59833,-115.38056,4,2008,0,139,139,0,9.350000381469727,24.93000030517578
4055032783,34.536729,-115.7492,3,2009,0,107.80000305175781,107.80000305175781,0,8.029999732971191,25.84000015258789
2430363412,34.942694,-119.431111,5,2009,39.79999923706055,129.8000030517578,169.60000610351563,5.480000019073486,10.460000038146973,28.549999237060547
3125188738,32.98049,-116.42231,9,2009,3.319999933242798,142.97999572753906,146.3000030517578,3.200000047683716,16.989999771118164,37.06999969482422
3125181747,33.36881,-116.42222,10,2009,0,106.5,106.5,0,12.199999809265137,28.729999542236328
3125057687,33.31361,-116.07167,10,2009,0,109.5999984741211,109.5999984741211,0,13.770000457763672,29.610000610351563
3125052681,33.32917,-116.05278,10,2009,0,110.4000015258789,110.4000015258789,0,13.789999961853027,29.649999618530273
3125049696,36.25167,-120.32333,10,2009,0,94.5,94.5,42,9.729999542236328,24.280000686645508
3125187729,33.2708,-116.349,11,2009,0.029999999329447746,73.87000274658203,73.9000015258789,0.949999988079071,10.25,25.690000534057617
2430068548,34.07413,-114.99464,1,2010,27.43000030517578,25.969999313354492,53.400001525878906,67.43000030517578,6.210000038146973,18.760000228881836
4006619485,35.143114,-116.10286,4,2010,0,142.60000610351563,142.60000610351563,0.6200000047683716,9.09000015258789,27.200000762939453
2430475056,34.897567,-114.76865,4,2010,17.760000228881836,118.63999938964844,136.39999389648438,3.0199999809265137,11.680000305175781,26.329999923706055
2430066361,33.82048,-115.27324,4,2010,7.949999809265137,134.9499969482422,142.89999389648438,0,13.09000015258789,26.93000030517578
2430038870,35.455867,-115.377417,5,2010,0,167.6999969482422,167.6999969482422,0,12.180000305175781,25.579999923706055
2430327601,35.864183,-116.046267,6,2010,22.799999237060547,175.10000610351563,197.89999389648438,0.009999999776482582,19.93000030517578,35.970001220703125
2430484655,34.44854,-116.68854,9,2010,0,150.3000030517578,150.3000030517578,0,15.720000267028809,34.56999969482422
2430382865,34.41604,-116.50883,9,2010,0,0,153.39999389648438,0.019999999552965164,16.8799991607666,35.40999984741211
2430210169,36.387133,-116.4224,9,2010,0.36000001430511475,140.63999938964844,141,0.2199999988079071,14.970000267028809,36.43000030517578
2422468439,35.45615,-115.37572,9,2010,0,143,143,0.9399999976158142,17.760000228881836,35
3125054704,33.16684,-116.25866,10,2010,0.15000000596046448,109.6500015258789,109.80000305175781,39.66999816894531,16.6200008392334,30
2430539545,35.71111,-117.90971,10,2010,0,105.4000015258789,105.4000015258789,21.940000534057617,11.100000381469727,24.959999084472656
2430472225,34.20098,-115.0259,10,2010,0,107.4000015258789,107.4000015258789,22.899999618530273,17.110000610351563,31.059999465942383
2430361813,36.210267,-117.9842,10,2010,0,99.9000015258789,99.9000015258789,28.829999923706055,10.270000457763672,23.600000381469727
2430298586,35.68447,-117.91667,10,2010,8.6899995803833,96.61000061035156,105.30000305175781,23.649999618530273,10.869999885559082,24.6200008392334
2430287403,34.44254,-115.7426,10,2010,0,105.19999694824219,105.19999694824219,16.459999084472656,16.3700008392334,30.479999542236328
2430221637,36.03233,-117.25191,10,2010,0,105.80000305175781,105.80000305175781,12.050000190734863,15.210000038146973,28.940000534057617
2430218561,35.80402,-117.34162,10,2010,0,107.30000305175781,107.30000305175781,16.1299991607666,13.8100004196167,27.6200008392334
2430216346,34.81442,-116.17656,10,2010,0.5,109.19999694824219,109.69999694824219,17.670000076293945,14.100000381469727,29.190000534057617
2430133343,34.11348,-115.24507,10,2010,0,106.0999984741211,106.0999984741211,21.8700008392334,16.68000030517578,29.889999389648438
2422466839,35.9325,-115.86917,10,2010,1.2400000095367432,99.36000061035156,100.5999984741211,19.139999389648438,11.819999694824219,26.049999237060547
2430444950,35.62856,-116.27809,11,2010,0,61.29999923706055,61.29999923706055,0.5699999928474426,7.460000038146973,22.719999313354492
2430401447,35.86625,-116.3036,11,2010,0,59.79999923706055,59.79999923706055,1.409999966621399,6.829999923706055,21.100000381469727
2430249085,33.8406,-116.30322,11,2010,0,72.69999694824219,72.69999694824219,0.25999999046325684,8.979999542236328,23.1200008392334
2430256657,34.53617,-116.4845,12,2010,4.929999828338623,52.16999816894531,57.099998474121094,92.23999786376953,4.050000190734863,16.1200008392334
2430134277,33.82164,-115.26952,12,2010,20.809999465942383,33.38999938964844,54.20000076293945,31.8799991607666,7.829999923706055,19.559999465942383
2856759301,34.959255,-118.292817,7,2011,47.630001068115234,156.1699981689453,203.8000030517578,0.75,17.90999984741211,34.5099983215332
2430248043,34.92815,-117.33175,8,2011,0,191.39999389648438,191.39999389648438,4.860000133514404,19.469999313354492,38.59000015258789
2430504359,35.64675,-116.39253,9,2011,0,154.5,154.5,13.529999732971191,23.65999984741211,41.0099983215332
2430500878,34.41605,-116.50109,9,2011,0,154.39999389648438,154.39999389648438,9.819999694824219,18.5,34.900001525878906
2430492180,35.55535,-116.18779,9,2011,7.380000114440918,145.82000732421875,153.1999969482422,16.270000457763672,21.8799991607666,39.09000015258789
2430392003,35.36745,-116.11179,9,2011,0,153.3000030517578,153.3000030517578,18.43000030517578,21.170000076293945,38.779998779296875
2430388455,35.62132,-115.96291,9,2011,10.649999618530273,136.0500030517578,146.6999969482422,15.510000228881836,19.959999084472656,35.599998474121094
2430350042,36.12271,-116.15521,9,2011,0,125.19999694824219,125.19999694824219,7.199999809265137,16.760000228881836,33.040000915527344
2430283562,35.15837,-116.44345,9,2011,0,153.89999389648438,153.89999389648438,11.720000267028809,20.209999084472656,37.349998474121094
2430096632,35.718832,-115.808201,9,2011,0,144.6999969482422,144.6999969482422,13.899999618530273,17.940000534057617,33.060001373291016
2430042114,35.817,-116.0551,9,2011,8.630000114440918,137.97000122070313,146.60000610351563,11.829999923706055,19.389999389648438,35.7400016784668
2430537957,35.13923,-117.12583,10,2011,0,112.80000305175781,112.80000305175781,4.46999979019165,11.34000015258789,27.290000915527344
2430448074,34.88654,-114.64642,10,2011,0,104.5,104.5,9.680000305175781,17.350000381469727,32.79999923706055
2430362265,35.24757,-117.09824,10,2011,0,107.4000015258789,107.4000015258789,4.380000114440918,10.489999771118164,26.739999771118164
2430309062,35.01166,-117.29896,10,2011,1.3300000429153442,111.37000274658203,112.69999694824219,4.800000190734863,9.789999961853027,28.760000228881836
2430304418,35.01506,-117.02006,10,2011,0,117.69999694824219,117.69999694824219,5,11.8100004196167,26.8799991607666
2430283142,34.51798,-114.68775,10,2011,0,106.0999984741211,106.0999984741211,5.650000095367432,15.199999809265137,31.280000686645508
2430211749,35.37014,-117.8815,10,2011,0,111.4000015258789,111.4000015258789,10.34000015258789,9.270000457763672,29.149999618530273
2430127502,34.21043,-115.04748,10,2011,0,108.5,108.5,1.6699999570846558,16.770000457763672,32.79999923706055
2430081111,34.1654,-115.75775,10,2011,1.309999942779541,108.69000244140625,110,0.029999999329447746,14.890000343322754,31.479999542236328
2430039210,33.88602,-114.52568,10,2011,1.559999942779541,106.13999938964844,107.69999694824219,1.2799999713897705,15.880000114440918,32.900001525878906
2422496791,34.72348,-114.49278,10,2011,NA,NA,101.69999694824219,9.149999618530273,17.420000076293945,33.099998474121094
2430555527,35.85898,-117.89995,11,2011,0,57.70000076293945,57.70000076293945,9.819999694824219,3.2699999809265137,16.850000381469727
2430483416,36.20797,-117.92362,11,2011,0,53.900001525878906,53.900001525878906,9.15999984741211,1.9700000286102295,14.979999542236328
2430206902,35.6759,-117.91523,11,2011,0,57.400001525878906,57.400001525878906,14.279999732971191,2.7200000286102295,15.829999923706055
2430229362,33.516639,-115.893222,4,2012,0,150.89999389648438,150.89999389648438,4.550000190734863,13.670000076293945,30.209999084472656
2641579477,37.183307,-118.259918,5,2012,15.270000457763672,159.92999267578125,175.1999969482422,0.8399999737739563,8.300000190734863,27.530000686645508
2430219866,35.32375,-116.081611,5,2012,0,195.10000610351563,195.10000610351563,0,18.739999771118164,36.45000076293945
3461012251,36.136833,-120.187389,8,2012,0,189.6999969482422,189.6999969482422,0,19.6200008392334,37.70000076293945
2430409965,34.12863,-116.50175,9,2012,0,137.8000030517578,137.8000030517578,1.9299999475479126,19.290000915527344,32.150001525878906
2430269383,36.426667,-117.192967,10,2012,0,94.0999984741211,94.0999984741211,15.3100004196167,10.800000190734863,24.649999618530273
2422486495,33.40669,-115.21942,10,2012,0,114.80000305175781,114.80000305175781,0.1899999976158142,14.619999885559082,30.549999237060547
3413911301,35.3001,-117.484,11,2012,0.28999999165534973,64.51000213623047,64.80000305175781,0.7699999809265137,5.130000114440918,21.09000015258789
3125180754,33.42556,-115.19056,11,2012,0,74.4000015258789,74.4000015258789,0,9.130000114440918,25.100000381469727
2430479586,32.69458,-116.05437,11,2012,0,72.0999984741211,72.0999984741211,1.309999942779541,8.949999809265137,24.670000076293945
2430196507,33.242889,-114.875694,11,2012,0,71.4000015258789,71.4000015258789,0,9.859999656677246,26.079999923706055
2430130011,33.57935,-115.89774,11,2012,0,72.30000305175781,72.30000305175781,0,9.279999732971191,25.770000457763672
2422480292,33.42542,-115.19053,11,2012,0,74.4000015258789,74.4000015258789,0,9.130000114440918,25.100000381469727
3413920307,35.1011,-116.269,12,2012,4.550000190734863,46.25,50.79999923706055,19.969999313354492,3.240000009536743,16.950000762939453
2430308053,35.506729,-119.787855,2,2013,0,57.400001525878906,57.400001525878906,5.059999942779541,2.240000009536743,16.440000534057617
3125055700,35.45733,-115.3186,4,2013,0,139.3000030517578,139.3000030517578,0.009999999776482582,11.109999656677246,25.479999542236328
2573905289,35.08822,-119.398376,5,2013,0,179.6999969482422,179.6999969482422,3.0299999713897705,13.3100004196167,28.3700008392334
2545477486,34.85722,-116.181198,5,2013,14.960000038146973,180.63999938964844,195.60000610351563,0.3499999940395355,17.190000534057617,33.52000045776367
3413881322,34.1792,-116.212,7,2013,0,205,205,11.329999923706055,24.850000381469727,38.959999084472656
2545489521,37.915836,-118.875168,8,2013,15.649999618530273,126.8499984741211,142.5,15.489999771118164,6.150000095367432,24.510000228881836
2430380535,35.556302,-118.034897,8,2013,0,177.60000610351563,177.60000610351563,1.3899999856948853,18,34.93000030517578
3357318686,34.8652,-116.192,9,2013,4.96999979019165,148.72999572753906,153.6999969482422,8.510000228881836,20.520000457763672,35.790000915527344
3125182705,35.38803,-115.70215,10,2013,9.220000267028809,87.37999725341797,96.5999984741211,3.369999885559082,8.84000015258789,21.799999237060547
3125180755,32.97636,-116.34988,10,2013,0,107.69999694824219,107.69999694824219,0.5600000023841858,9.760000228881836,28.229999542236328
3406855632,34.865222,-116.1915,11,2013,2.259999990463257,66.339996337890625,68.5999984741211,12.890000343322754,7.110000133514404,21.989999771118164
2430031496,35.674311,-117.895422,12,2013,0,47.29999923706055,47.29999923706055,1.590000033378601,-0.25999999046325684,13.989999771118164
2422499173,35.28583,-116.06889,2,2014,0,73.19999694824219,73.19999694824219,2.7799999713897705,8.100000381469727,22.860000610351563
2430311512,35.866683,-116.294283,3,2014,9.029999732971191,100.37000274658203,109.4000015258789,7.090000152587891,10.65999984741211,24.739999771118164
2430229491,35.85215,-116.24935,3,2014,5.75,103.75,109.5,6.739999771118164,10.770000457763672,24.84000015258789
4138103302,35.972029,-117.910649,7,2014,0,209.10000610351563,209.10000610351563,3.75,22.049999237060547,37.84000015258789
3391941330,35.9791,-116.17,8,2014,4.840000152587891,179.55999755859375,184.39999389648438,12.859999656677246,22.59000015258789,37.70000076293945
3391931323,35.7965,-116.197,8,2014,0,190.3000030517578,190.3000030517578,20.940000534057617,24.34000015258789,39.52000045776367
2430493851,35.45785,-115.34431,8,2014,0,179,179,30.5,22.34000015258789,35.04999923706055
2430114510,34.79023,-116.48112,8,2014,0,194.3000030517578,194.3000030517578,9.329999923706055,22.889999389648438,37.81999969482422
2430100613,35.098142,-114.857458,8,2014,0,180,180,35.58000183105469,24.059999465942383,36.540000915527344
3391917322,34.2174,-114.214,9,2014,0,145.6999969482422,145.6999969482422,30.969999313354492,23.049999237060547,39.08000183105469
3125057697,34.095,-114.48837,9,2014,0,146.5,146.5,21.950000762939453,23.709999084472656,38.93000030517578
2270238592,35.598,-120.315,9,2014,0,141.60000610351563,141.60000610351563,0.30000001192092896,11.579999923706055,33.029998779296875
3391959315,35.4666,-115.683,10,2014,11.25,94.1500015258789,105.4000015258789,0,12.529999732971191,27
3391925324,33.8368,-114.538,10,2014,0,109.69999694824219,109.69999694824219,1.8300000429153442,17.200000762939453,33.68000030517578
2430398206,35.09986,-116.13832,10,2014,0,112.5,112.5,0,14.699999809265137,32.54999923706055
2430301904,33.52032,-116.20666,10,2014,0,112.5999984741211,112.5999984741211,0,16.850000381469727,33.36000061035156
2430043802,33.30272,-114.86549,10,2014,0,114.69999694824219,114.69999694824219,0.3400000035762787,18.229999542236328,33.27000045776367
1677256022,32.954547,-114.510713,1,2015,0,59.900001525878906,59.900001525878906,20.450000762939453,9.079999923706055,21.170000076293945
2430098912,35.54991,-118.0449,3,2015,23.469999313354492,78.83000183105469,102.30000305175781,6.059999942779541,6.510000228881836,20.350000381469727
1993703508,36.53957,-120.835263,3,2015,18.079999923706055,71.41999816894531,89.5,6.170000076293945,6.920000076293945,23.100000381469727
2573783623,36.118019,-120.377076,4,2015,0,133.5,133.5,11.430000305175781,8.489999771118164,25.649999618530273
2430399686,34.3491,-119.0631,4,2015,33.91999816894531,102.18000030517578,136.10000610351563,4.789999961853027,8.350000381469727,23.360000610351563
2422502176,34.75972,-117.31944,5,2015,0,178.60000610351563,178.60000610351563,0.7300000190734863,11.649999618530273,26.959999084472656
2430439795,35.803194,-117.34,6,2015,0,209.6999969482422,209.6999969482422,0,21.6299991607666,38.849998474121094
2422517990,35.07458,-117.31525,8,2015,0,197.89999389648438,197.89999389648438,0.7300000190734863,21.31999969482422,39.65999984741211
2422521916,35.01578,-117.30842,9,2015,NA,NA,155.10000610351563,13.40999984741211,17.899999618530273,35.150001525878906
2422519784,35.01053,-117.3035,10,2015,0,115.5,115.5,16.770000457763672,13.579999923706055,28.139999389648438
1935631907,36.445461,-118.036652,12,2015,2.299999952316284,38.20000076293945,40.5,33.79999923706055,-1.8899999856948853,10.220000267028809
3067922313,33.774278,-116.308168,1,2016,5.199999809265137,54.900001525878906,60.099998474121094,35.29999923706055,6.699999809265137,19.530000686645508
1944420657,36.592252,-116.994658,3,2016,0,115.0999984741211,115.0999984741211,0.019999999552965164,14.109999656677246,28.299999237060547
1262385949,36.590378,-116.989481,3,2016,0,115.30000305175781,115.30000305175781,0,14.3100004196167,28.649999618530273
2573798637,36.415436,-120.597353,8,2016,0,173.8000030517578,173.8000030517578,0,17.540000915527344,33.18000030517578
3399104323,35.241333,-119.799492,9,2016,0,139,139,0,13.470000267028809,30.280000686645508
2610075809,35.440533,-115.674017,9,2016,7.269999980926514,132.02999877929688,139.3000030517578,2.559999942779541,15.710000038146973,29.8799991607666
4054917493,37.187139,-118.205596,10,2016,0,100.4000015258789,100.4000015258789,10.119999885559082,5.900000095367432,23
1453125495,37.182408,-120.620797,10,2016,0,91.9000015258789,91.9000015258789,40.36000061035156,9.760000228881836,25.639999389648438
1453286150,34.892214,-114.761011,11,2016,0,67.5,67.5,3.7100000381469727,11.979999542236328,24.940000534057617
3705390309,33.2225,-116.193611,12,2016,0,57.099998474121094,57.099998474121094,34.529998779296875,7.239999771118164,19.719999313354492
3125140679,34.18235,-115.1515,3,2017,0,110.30000305175781,110.30000305175781,0.05000000074505806,12.520000457763672,27.75
3059678864,33.52233,-115.66325,3,2017,0,110.19999694824219,110.19999694824219,0.03999999910593033,11.119999885559082,27.729999542236328
2573812651,35.209005,-119.566839,3,2017,21.639999389648438,80.76000213623047,102.4000015258789,14.170000076293945,7.579999923706055,19.489999771118164
2422521361,33.423,-115.24277,3,2017,0,115.0999984741211,115.0999984741211,0.23000000417232513,10.550000190734863,26.440000534057617
1850991234,33.299744,-116.146791,3,2017,16.81999969482422,100.08000183105469,116.9000015258789,0.10999999940395355,10.739999771118164,26.68000030517578
3399142354,35.20325,-119.868307,4,2017,0,126.4000015258789,126.4000015258789,20.75,6.170000076293945,21.31999969482422
3059679504,33.44328,-115.26495,9,2017,0,145,145,8.470000267028809,19.809999465942383,33.16999816894531
1890730066,33.243437,-116.35858,9,2017,1.8799999952316284,144.6199951171875,146.5,6.559999942779541,20.190000534057617,36.22999954223633
1802632975,33.247704,-116.36079,9,2017,1.8899999856948853,144.50999450683594,146.39999389648438,6.590000152587891,20.190000534057617,36.220001220703125
1668878764,33.202205,-116.241715,9,2017,0,144,144,7.260000228881836,20.969999313354492,36.369998931884766
1668878721,33.209748,-116.230996,9,2017,0,144.39999389648438,144.39999389648438,7.340000152587891,21.059999465942383,36.400001525878906
1668878548,33.19435,-116.248461,9,2017,0,144.5,144.5,7.199999809265137,20.829999923706055,36.290000915527344
1668862813,33.243077,-116.354966,9,2017,0.4099999964237213,145.69000244140625,146.10000610351563,6.550000190734863,20.209999084472656,36.2400016784668
1640092965,33.2332,-116.353384,9,2017,0.5600000023841858,145.33999633789063,145.89999389648438,6.440000057220459,20.170000076293945,36.20000076293945
3758970308,36.744233,-120.755666,10,2017,0,84.19999694824219,84.19999694824219,2.0299999713897705,8.850000381469727,24.90999984741211
3125139899,35.00889,-116.41033,10,2017,0,107.19999694824219,107.19999694824219,0,12.90999984741211,29.5
2610094081,36.09574,-117.87067,10,2017,0,103.9000015258789,103.9000015258789,0.11999999731779099,9.15999984741211,24.459999084472656
1699369934,33.234089,-116.356078,10,2017,1.0099999904632568,114.69000244140625,115.69999694824219,0,17.329999923706055,34.209999084472656
1677288006,33.220819,-116.265856,10,2017,0,114.4000015258789,114.4000015258789,0,17.479999542236328,34.29999923706055
1677284241,33.215155,-116.229583,10,2017,0,114.5999984741211,114.5999984741211,0,17.450000762939453,34.290000915527344
1671731581,33.137191,-116.39276,10,2017,1.409999966621399,106.58999633789063,108,0,15.130000114440918,32.470001220703125
1671727070,33.129772,-116.429503,10,2017,1.440000057220459,105.26000213623047,106.69999694824219,0,14.539999961853027,31.93000030517578
1671726981,33.136345,-116.401574,10,2017,1.3899999856948853,106.70999908447266,108.0999984741211,0,15.029999732971191,32.470001220703125
1671725759,35.27105,-119.82649,10,2017,0,105.5999984741211,105.5999984741211,0.41999998688697815,10.5600004196167,25.459999084472656
1671722536,33.257406,-116.303358,10,2017,1.0800000429153442,114.0199966430664,115.0999984741211,0,17.520000457763672,34.18000030517578
1668901589,33.243691,-116.35897,10,2017,0.8100000023841858,114.98999786376953,115.80000305175781,0,17.399999618530273,34.2400016784668
1668887689,33.235232,-116.359809,10,2017,0.8700000047683716,115.02999877929688,115.9000015258789,0,17.31999969482422,34.20000076293945
3125143677,36.16859,-116.32319,11,2017,0,61.099998474121094,61.099998474121094,0,6.409999847412109,22.270000457763672
1802645252,33.133718,-116.310844,11,2017,0,72.5999984741211,72.5999984741211,0.20999999344348907,12.979999542236328,26.399999618530273
1703160868,33.26315,-116.236726,11,2017,0,77.5,77.5,0.05000000074505806,12.829999923706055,26.59000015258789
1702467073,33.161043,-116.257817,11,2017,0.25999999046325684,76.04000091552734,76.30000305175781,0.18000000715255737,13.289999961853027,27.399999618530273
1699395858,33.179855,-116.245778,11,2017,0.25,76.6500015258789,76.9000015258789,0.11999999731779099,13.270000457763672,27.649999618530273
2573966691,35.186055,-119.41008,12,2017,0.5400000214576721,41.36000061035156,41.900001525878906,0.6499999761581421,1.8899999856948853,17.260000228881836
2573836675,35.179755,-119.413938,12,2017,0,41.900001525878906,41.900001525878906,0.6499999761581421,2.119999885559082,17.270000457763672
1802751008,33.789419,-116.250124,12,2017,0,60.70000076293945,60.70000076293945,0.019999999552965164,8.170000076293945,22.969999313354492
1802703648,33.233909,-116.327531,12,2017,1.4199999570846558,57.880001068115234,59.29999923706055,0,8.34000015258789,23.56999969482422
1802648913,33.129691,-116.432621,12,2017,0.5099999904632568,57.4900016784668,58,0.029999999329447746,7.659999847412109,21.770000457763672
1802648874,33.129623,-116.431977,12,2017,3.259999990463257,53.13999938964844,56.400001525878906,0.05000000074505806,7.630000114440918,21.700000762939453
1806368678,33.36534,-116.417588,1,2018,3.069999933242798,60.33000183105469,63.400001525878906,18.649999618530273,9.529999732971191,22.139999389648438
1806361063,33.379250999999996,-116.452576,1,2018,0,60.900001525878906,60.900001525878906,23.860000610351563,9.020000457763672,21.520000457763672
1806352775,33.376657,-116.447537,1,2018,0,61.20000076293945,61.20000076293945,23.43000030517578,9.0600004196167,21.56999969482422
1806352210,33.371868,-116.447991,1,2018,0,59.5,59.5,23.719999313354492,9.050000190734863,21.540000915527344
1806334677,33.10059,-116.47396,1,2018,0,64.80000305175781,64.80000305175781,50.540000915527344,7.260000228881836,20.3700008392334
1805413940,33.105978,-116.495211,1,2018,11.1899995803833,53.209999084472656,64.4000015258789,55.619998931884766,7,20.15999984741211
1805403494,33.365863,-116.413442,1,2018,0,63.400001525878906,63.400001525878906,18.56999969482422,9.550000190734863,22.15999984741211
1805388926,33.246612,-116.351992,1,2018,0.800000011920929,64.80000305175781,65.5999984741211,11.949999809265137,10.569999694824219,23.549999237060547
1802793845,33.369837,-116.422173,1,2018,0,65.19999694824219,65.19999694824219,19.8799991607666,9.40999984741211,21.979999542236328
1802793200,33.371831,-116.440548,1,2018,0,60,60,23.229999542236328,9.100000381469727,21.579999923706055
1831222292,33.368056,-116.443056,2,2018,0,65.9000015258789,65.9000015258789,3.759999990463257,7.210000038146973,20.170000076293945
1831187861,32.983056,-116.221944,2,2018,0,72.0999984741211,72.0999984741211,3.2300000190734863,7.139999866485596,20.81999969482422
1831177129,33.289549,-116.103237,2,2018,0,76.4000015258789,76.4000015258789,0.6100000143051147,8.739999771118164,22.290000915527344
1831089718,33.37097,-116.42973,2,2018,0,71.19999694824219,71.19999694824219,3.690000057220459,7.190000057220459,20.110000610351563
1807319495,32.94408,-116.275497,2,2018,1.2300000190734863,68.87000274658203,70.0999984741211,0.8399999737739563,7.360000133514404,21.40999984741211
1807308690,32.832222,-116.228889,2,2018,0,71.4000015258789,71.4000015258789,1.090000033378601,6.940000057220459,21.459999084472656
1807301065,32.949141,-116.28361,2,2018,1.2699999809265137,71.029998779296875,72.30000305175781,0.8999999761581421,7.349999904632568,21.34000015258789
2573789689,35.133793,-118.81202,3,2018,0,101.69999694824219,101.69999694824219,88.94000244140625,6.920000076293945,19.1200008392334
2573789633,35.147697,-118.785182,3,2018,31.079999923706055,66.0199966430664,97.0999984741211,93.8499984741211,6.800000190734863,18.81999969482422
2422524048,33.4435,-115.70117,3,2018,0,111.0999984741211,111.0999984741211,1.3600000143051147,10.079999923706055,24.979999542236328
1836628843,33.155655,-116.483156,3,2018,7.829999923706055,91.87000274658203,99.69999694824219,28.860000610351563,5.840000152587891,18.3700008392334
1836628814,33.155758,-116.481667,3,2018,6.110000133514404,94.38999938964844,100.5,28.309999465942383,5.880000114440918,18.399999618530273
1836617323,33.297338,-114.757046,3,2018,0,107.5999984741211,107.5999984741211,0.6899999976158142,8.630000114440918,24.56999969482422
4014935324,33.756842,-116.269337,4,2018,0,157.60000610351563,157.60000610351563,0,16.889999389648438,32.720001220703125
2242734955,33.097622,-116.476033,4,2018,5.199999809265137,137.39999389648438,142.60000610351563,0.18000000715255737,8.579999923706055,27.440000534057617
1847490289,33.372807,-116.425703,4,2018,0,152,152,0,12.359999656677246,30.420000076293945
1841259880,32.916022,-116.241956,4,2018,0,147.6999969482422,147.6999969482422,0,11.380000114440918,31.530000686645508
1841226914,32.908665,-116.249685,4,2018,0,146.3000030517578,146.3000030517578,0,11.15999984741211,31.25
3053416777,34.99445,-119.48606,5,2018,29.690000534057617,130.00999450683594,159.6999969482422,3.180000066757202,9.029999732971191,23.850000381469727
1848764880,32.929177,-116.253957,5,2018,0.5099999904632568,169.49000549316406,170,0,14.289999961853027,32.84000015258789
1848754435,32.938343,-116.263092,5,2018,0.5099999904632568,168.99000549316406,169.5,0,14.109999656677246,32.77000045776367
4080597309,33.718803,-116.295635,6,2018,NA,NA,198.10000610351563,0,22.860000610351563,39.86000061035156
1880533794,36.798526,-118.173904,6,2018,0,202.39999389648438,202.39999389648438,0,18.56999969482422,34.650001525878906
4014997317,33.706086,-116.284767,7,2018,0,212.89999389648438,212.89999389648438,5.46999979019165,28.479999542236328,42.13999938964844
3858295363,35.433326,-115.666466,7,2018,0,201.10000610351563,201.10000610351563,29.059999465942383,21.84000015258789,35.380001068115234
4133752310,33.112812,-114.910645,9,2018,1.399999976158142,147.39999389648438,148.8000030517578,0,26.200000762939453,38.68000030517578
3455181444,33.10513,-116.451299,10,2018,0,108,108,9.710000038146973,11.739999771118164,27.209999084472656
3125272997,34.31408,-114.7757,10,2018,0,100.4000015258789,100.4000015258789,30.329999923706055,15.289999961853027,26.610000610351563
3125267939,34.7929,-116.49693,10,2018,8.479999542236328,102.41999816894531,110.9000015258789,41.470001220703125,13.25,27.290000915527344
3125145895,34.84834,-114.77831,10,2018,0,102.19999694824219,102.19999694824219,20.18000030517578,16.760000228881836,28.110000610351563
2982102312,37.34247,-117.76864,10,2018,0,93.4000015258789,93.4000015258789,8.420000076293945,7.96999979019165,21.260000228881836
2465125876,36.263172,-117.174758,10,2018,0,91.30000305175781,91.30000305175781,3.9800000190734863,9.4399995803833,22.270000457763672
2429251915,36.223192,-116.874878,10,2018,0.10000000149011612,110.69999694824219,110.80000305175781,0,19.420000076293945,33.400001525878906
1931500579,36.415279,-118.012222,10,2018,0,98.80000305175781,98.80000305175781,3.069999933242798,8.460000038146973,23.530000686645508
1920845649,33.371514,-116.423704,10,2018,0,110.19999694824219,110.19999694824219,14.5,14.029999732971191,29.31999969482422
1920841639,32.896006,-116.259513,10,2018,0,103.5999984741211,103.5999984741211,7.599999904632568,13.069999694824219,29.43000030517578
1920831859,33.138075,-116.373878,10,2018,0,101.5,101.5,9.260000228881836,13.479999542236328,29.270000457763672
4015216330,33.77712,-116.343209,11,2018,0,73.80000305175781,73.80000305175781,0,11.260000228881836,25.8700008392334
4014947326,33.721854,-116.310315,11,2018,NA,NA,73,0,10.880000114440918,25.850000381469727
4014933326,33.723957,-116.40208,11,2018,0,69.5999984741211,69.5999984741211,0,11.34000015258789,25.280000686645508
3925421334,33.82248,-116.324926,11,2018,0,75.80000305175781,75.80000305175781,0.8199999928474426,11.050000190734863,25.3700008392334
3925186325,33.707193,-116.181685,11,2018,0,74.19999694824219,74.19999694824219,0,10.140000343322754,26.34000015258789
3925056338,33.823126,-116.322158,11,2018,0,75.80000305175781,75.80000305175781,0.8199999928474426,11.050000190734863,25.3700008392334
3925009349,33.701797,-116.189846,11,2018,0,74.4000015258789,74.4000015258789,0,10.100000381469727,26.31999969482422
3764545307,33.626526,-115.32563,11,2018,1.2699999809265137,67.2300033569336,68.5,0.8100000023841858,8.420000076293945,22.219999313354492
3125277966,34.71599,-115.38386,11,2018,0,67.5,67.5,2.9600000381469727,8.630000114440918,20.540000915527344
3125266896,34.74005,-116.70074,11,2018,0,70.4000015258789,70.4000015258789,7.550000190734863,7.170000076293945,19.6200008392334
3067953466,33.130622,-116.30171,11,2018,0.4000000059604645,67.80000305175781,68.19999694824219,3.6500000953674316,10.109999656677246,24.270000457763672
3067644506,32.862595,-116.219034,11,2018,0.25,72.94999694824219,73.19999694824219,1.7699999809265137,9.319999694824219,24.93000030517578
1949989772,35.972377,-116.26983,11,2018,0,60.900001525878906,60.900001525878906,3.4100000858306885,5.739999771118164,21.139999389648438
1948750161,32.995556,-116.246111,11,2018,0,74.30000305175781,74.30000305175781,10.619999885559082,9.199999809265137,22.850000381469727
1945432547,32.930455,-116.272456,11,2018,0,69.80000305175781,69.80000305175781,4.199999809265137,9.220000267028809,23.889999389648438
1945426841,32.969796,-116.356545,11,2018,0,72.19999694824219,72.19999694824219,4.789999961853027,8.84000015258789,23.280000686645508
1978460945,35.307461000000004,-117.326222,12,2018,0.8100000023841858,55.88999938964844,56.70000076293945,23.209999084472656,5.489999771118164,12.430000305175781
1978447767,33.210555,-116.314933,12,2018,0,54.70000076293945,54.70000076293945,19.530000686645508,5.320000171661377,20.25
1950021913,33.008333,-116.224444,12,2018,0,60.099998474121094,60.099998474121094,28.899999618530273,5.78000020980835,18.56999969482422
1950005022,33.18904,-116.177541,12,2018,0,55.29999923706055,55.29999923706055,20.389999389648438,5.940000057220459,20.649999618530273
1949993300,33.283056,-116.144722,12,2018,0,58.099998474121094,58.099998474121094,21.75,6.21999979019165,19.520000457763672
1948782457,33.317792,-116.216505,12,2018,0,52.900001525878906,52.900001525878906,20.56999969482422,5.849999904632568,19.579999923706055
1948777975,32.903828,-116.250419,12,2018,0,54.70000076293945,54.70000076293945,29.25,5.75,19.270000457763672
4046733774,37.207891,-118.225487,1,2019,0,45.70000076293945,45.70000076293945,57.83000183105469,-2.490000009536743,10.789999961853027
3499678322,33.74759,-116.420193,1,2019,0,58.599998474121094,58.599998474121094,26.780000686645508,8.029999732971191,19
2856731316,33.903338,-116.50288,1,2019,4.710000038146973,57.189998626708984,61.900001525878906,30.889999389648438,8.149999618530273,18.639999389648438
2856513316,33.81075,-116.351308,1,2019,0,60.900001525878906,60.900001525878906,23.479999542236328,7.980000019073486,19.5
1990616239,33.825195,-116.327563,1,2019,0,62.599998474121094,62.599998474121094,25.09000015258789,7.659999847412109,19.239999771118164
1990616238,33.892229,-116.292397,1,2019,12.149999618530273,51.650001525878906,63.79999923706055,34.95000076293945,5.510000228881836,16.040000915527344
1990592485,33.670933,-116.410147,1,2019,6.610000133514404,45.290000915527344,51.900001525878906,38.68000030517578,6.889999866485596,17.6200008392334
1990560727,33.832683,-116.303713,1,2019,0,61.20000076293945,61.20000076293945,26.190000534057617,7.340000152587891,18.8700008392334
1990483221,32.911303,-116.25,1,2019,0,60.599998474121094,60.599998474121094,23.8700008392334,6.25,18.479999542236328
3925437344,33.759491,-116.234742,2,2019,9.960000038146973,60.040000915527344,70,62.290000915527344,6.5,18.34000015258789
3925187331,33.282787,-116.151259,2,2019,0,68.80000305175781,68.80000305175781,67.37000274658203,5.789999961853027,16.510000228881836
3925086338,33.739674,-116.261306,2,2019,NA,NA,69.5,61.709999084472656,6.460000038146973,18.200000762939453
2856629317,33.708278,-116.275497,2,2019,7.630000114440918,61.56999969482422,69.19999694824219,61.41999816894531,6.380000114440918,18.049999237060547
2856563325,33.7732,-116.311212,2,2019,39.959999084472656,29.940000534057617,69.9000015258789,70.05999755859375,6.5,17.969999313354492
2856504324,33.626317,-115.903737,2,2019,0,63.900001525878906,63.900001525878906,63.810001373291016,3.640000104904175,15.979999542236328
2005299125,33.800348,-116.301328,2,2019,7.920000076293945,61.880001068115234,69.80000305175781,74.55000305175781,6.429999828338623,17.93000030517578
3044704374,36.624115,-120.692719,3,2019,0,90.19999694824219,90.19999694824219,34.31999969482422,6.610000133514404,18.229999542236328
2574063863,35.004433,-119.416078,3,2019,91.37000274658203,2.0299999713897705,93.4000015258789,51.70000076293945,5.559999942779541,16.229999542236328
2573916785,35.036289,-119.556237,3,2019,0,93.0999984741211,93.0999984741211,57.130001068115234,4.599999904632568,14.869999885559082
2236205653,33.798855,-116.291628,3,2019,19.1200008392334,97.87999725341797,117,4.489999771118164,12.710000038146973,25.280000686645508
2028507181,33.754327,-116.195648,3,2019,0,116.80000305175781,116.80000305175781,4.179999828338623,12.890000343322754,25.559999465942383
3090765494,32.797892,-117.2224,4,2019,35.97999954223633,92.720001220703125,128.6999969482422,9.880000114440918,13.859999656677246,19.790000915527344
2573973814,36.620728,-120.666054,4,2019,41.529998779296875,88.37000274658203,129.89999389648438,2.1700000762939453,10.140000343322754,26.15999984741211
2273200818,32.862197,-116.21543,4,2019,1.9900000095367432,143.50999450683594,145.5,0.019999999552965164,11.84000015258789,30.540000915527344
2236239747,33.112791,-116.445284,4,2019,71.70999908447266,68.089996337890625,139.8000030517578,3.140000104904175,9.229999542236328,26.989999771118164
2574133942,36.000136,-119.950745,5,2019,0,171.1999969482422,171.1999969482422,40.59000015258789,11.989999771118164,25.110000610351563
4128831456,35.39028,-117.81306,6,2019,0,203.60000610351563,203.60000610351563,2.0799999237060547,18.739999771118164,35.95000076293945
4128830456,35.11556,-117.37311,6,2019,0,207.60000610351563,207.60000610351563,0.2199999988079071,18.020000457763672,35.22999954223633
2573975943,35.035173,-119.436847,6,2019,0,198.5,198.5,4.079999923706055,17.110000610351563,32.529998779296875
2573925985,35.033224,-119.419117,6,2019,0,199.60000610351563,199.60000610351563,4.179999828338623,17.149999618530273,32.599998474121094
2283164224,33.636547,-116.413672,6,2019,11.9399995803833,171.75999450683594,183.6999969482422,0,16.31999969482422,32.86000061035156
3799668333,36.38242,-117.70819,7,2019,0,172.6999969482422,172.6999969482422,0.8700000047683716,14.1899995803833,29.549999237060547
3698242326,35.074005,-119.349572,7,2019,0,213.5,213.5,0,20.540000915527344,35.58000183105469
3070618677,35.677395,-115.544022,7,2019,14.789999961853027,190.11000061035156,204.89999389648438,1.4700000286102295,23.43000030517578,38.56999969482422
2573824166,35.286758,-119.654105,7,2019,0,208.89999389648438,208.89999389648438,0,19.239999771118164,34.959999084472656
4062541324,36.432817,-117.19307,8,2019,0,173.3000030517578,173.3000030517578,0.6700000166893005,20.989999771118164,35.63999938964844
3070482765,36.31983,-118.035836,8,2019,0,182.5,182.5,0.019999999552965164,17.68000030517578,35.22999954223633
2456504627,33.519163,-115.937308,8,2019,5.239999771118164,189.86000061035156,195.10000610351563,0,26.280000686645508,43.29999923706055
2445111490,35.125461,-118.14405,9,2019,0,143.60000610351563,143.60000610351563,1.2599999904632568,15.279999732971191,30.989999771118164
4080637318,33.498723,-115.911237,10,2019,1.0399999618530273,108.45999908447266,109.5,0,12.470000267028809,32.54999923706055
3008441356,33.111834,-116.008285,10,2019,0,109.19999694824219,109.19999694824219,0,12.270000457763672,32.09000015258789
2988269407,36.327625,-117.51473,10,2019,0,94.9000015258789,94.9000015258789,0,9.949999809265137,25.489999771118164
2573835265,35.304101,-119.365787,10,2019,0.23000000417232513,99.7699966430664,100,0,8.819999694824219,26.079999923706055
3925155355,33.845828,-116.312785,11,2019,0,74.5,74.5,20.920000076293945,10.34000015258789,25.6299991607666
2984515527,33.3502,-114.724,11,2019,0,68.69999694824219,68.69999694824219,34.79999923706055,7.360000133514404,24.850000381469727
2517996693,33.84609,-116.313048,11,2019,0,74.5,74.5,20.920000076293945,10.34000015258789,25.6299991607666
2465366656,33.285755,-116.199373,11,2019,0,74.5,74.5,32.18000030517578,10.859999656677246,25.329999923706055
3988435331,35.98054,-117.350974,12,2019,0,45.70000076293945,45.70000076293945,42.97999954223633,2.140000104904175,11.630000114440918
3925123366,33.823211,-116.282045,12,2019,0,56.599998474121094,56.599998474121094,35.63999938964844,6.760000228881836,17.799999237060547
3925059357,33.51798,-115.935798,12,2019,4.5,49.099998474121094,53.599998474121094,17.860000610351563,5.320000171661377,18.780000686645508
3067884745,36.962283,-117.367499,12,2019,NA,NA,44.900001525878906,24.200000762939453,3.619999885559082,12.729999542236328
3067661756,36.960816,-117.36871,12,2019,4.059999942779541,40.7400016784668,44.79999923706055,24.059999465942383,3.6600000858306885,12.789999961853027
3067621754,37.010739,-117.455365,12,2019,0,43.29999923706055,43.29999923706055,26.43000030517578,2.5999999046325684,11.680000305175781
2542919736,33.183047,-116.221799,12,2019,0,54.5,54.5,29.709999084472656,4.690000057220459,17.93000030517578
2540847368,33.182099,-116.220548,12,2019,0,54.599998474121094,54.599998474121094,30.59000015258789,4.690000057220459,17.809999465942383
2529313507,33.293433,-116.146956,12,2019,0,56.70000076293945,56.70000076293945,32.20000076293945,5.28000020980835,17.170000076293945
3764170317,33.606803,-116.021282,1,2020,4.579999923706055,56.81999969482422,61.400001525878906,0.33000001311302185,4.679999828338623,21.030000686645508
2563580644,33.343292,-116.301064,1,2020,3.9100000858306885,52.88999938964844,56.79999923706055,0.3499999940395355,3.5199999809265137,20.799999237060547
2557781859,32.919454,-116.218693,1,2020,7.849999904632568,53.150001525878906,61,0.23000000417232513,3.3299999237060547,20.510000228881836
3925021355,33.35249,-116.282688,2,2020,3.680000066757202,69.91999816894531,73.5999984741211,3.390000104904175,7.010000228881836,23.389999389648438
3044765444,36.59525,-120.757339,2,2020,0,52.5,52.5,0,3.6700000762939453,19.5
3044643463,36.56208,-120.834463,2,2020,7.829999923706055,42.56999969482422,50.400001525878906,0,3.4100000858306885,19.3700008392334
3044618456,36.783759,-120.801971,2,2020,0,51.70000076293945,51.70000076293945,0,4.010000228881836,19.34000015258789
2576310284,32.90352,-116.24979,2,2020,5.28000020980835,66.41999816894531,71.69999694824219,5.369999885559082,6.590000152587891,21.799999237060547
2574292132,33.02916,-114.88533,2,2020,0,71.4000015258789,71.4000015258789,14.229999542236328,8.960000038146973,22.280000686645508
2573983056,33.044609,-114.893921,2,2020,0,71.4000015258789,71.4000015258789,13.729999542236328,8.819999694824219,22.200000762939453
4062884325,33.722754,-116.203147,3,2020,0,114.9000015258789,114.9000015258789,46.310001373291016,12.079999923706055,23.959999084472656
4055040328,33.627044,-116.265474,3,2020,0,112.0999984741211,112.0999984741211,48.119998931884766,11.920000076293945,24.170000076293945
4014830356,33.62257,-116.264407,3,2020,18.260000228881836,93.54000091552734,111.80000305175781,48.36000061035156,11.869999885559082,24.1200008392334
4006618337,33.22807,-116.330253,3,2020,0,110.30000305175781,110.30000305175781,70.910003662109375,9.449999809265137,22.170000076293945
3067823843,32.841875,-116.206146,3,2020,24.579999923706055,78.720001220703125,103.30000305175781,55.29999923706055,8.930000305175781,20.969999313354492
2596325147,33.704176,-116.296526,3,2020,0,115,115,49.779998779296875,11.90999984741211,23.690000534057617
2596183326,33.684203,-116.293572,3,2020,0,0,112.0999984741211,49.25,11.970000267028809,23.850000381469727
2596064457,33.749706,-116.539737,3,2020,54.45000076293945,50.04999923706055,104.5,66.94999694824219,10.130000114440918,21.31999969482422
2579266323,36.256256,-117.224907,3,2020,0,92,92,30.309999465942383,4.099999904632568,15.149999618530273
2611349438,34.499067,-117.254447,4,2020,34.4900016784668,109.01000213623047,143.5,49.25,8.220000267028809,21.829999923706055
2611196418,33.845969,-116.520561,4,2020,44.79999923706055,109.19999694824219,154,32.779998779296875,15.010000228881836,28.829999923706055
3044754537,36.753412,-120.600774,5,2020,32.15999984741211,142.33999633789063,174.5,5.289999961853027,12.40999984741211,29.3799991607666
2634597903,34.212864,-114.213787,5,2020,0,0,183.60000610351563,0,19.920000076293945,36.9900016784668
3499337325,35.373056,-117.988611,6,2020,0,196.3000030517578,196.3000030517578,0.8399999737739563,16.670000076293945,33.08000183105469
2814000850,33.646222,-116.077827,6,2020,0,196.10000610351563,196.10000610351563,0,21.110000610351563,38.59000015258789
2850750372,36.505786,-118.029808,7,2020,0,208,208,0,19.239999771118164,36.52000045776367
2992785461,34.828401,-116.692805,8,2020,0,199.5,199.5,0.3499999940395355,24.729999542236328,41.869998931884766
4076002416,35.77636,-117.928899,9,2020,0,138.5,138.5,0,17.329999923706055,34.2400016784668
2868337004,33.732695,-116.203484,9,2020,0,153.3000030517578,153.3000030517578,0,22.739999771118164,40.400001525878906
2864724976,35.295096,-119.63981,9,2020,0,148.6999969482422,148.6999969482422,0,18.780000686645508,33
2862297271,36.600213,-118.12,9,2020,0,141.8000030517578,141.8000030517578,0,15.8100004196167,31.75
4063054343,33.685473,-116.258647,10,2020,0,116.4000015258789,116.4000015258789,0,17.459999084472656,35.84000015258789
3925039384,33.735938,-116.53807,10,2020,0,108.5999984741211,108.5999984741211,0,17.790000915527344,34.599998474121094
3067855291,36.612801,-118.126044,11,2020,0,58.20000076293945,58.20000076293945,6.420000076293945,3.25,16.549999237060547
3031934542,36.782778,-117.805833,11,2020,0,60.599998474121094,60.599998474121094,0.9800000190734863,7.920000076293945,21.059999465942383
2988564310,33.094355,-116.459068,11,2020,6.730000019073486,63.56999969482422,70.30000305175781,17.540000915527344,6.670000076293945,22.68000030517578
2988377171,32.954461,-116.290736,11,2020,0.23999999463558197,71.45999908447266,71.69999694824219,3.119999885559082,7.920000076293945,25.09000015258789
3014124305,32.948326,-116.30324,12,2020,0,51.70000076293945,51.70000076293945,6.380000114440918,3.75,20.010000228881836
3014036970,33.643031,-116.408386,12,2020,0,48.70000076293945,48.70000076293945,17.729999542236328,4.559999942779541,17.65999984741211
3014014626,32.871462,-114.484962,12,2020,2.8399999141693115,52.560001373291016,55.400001525878906,1.149999976158142,8.050000190734863,20.920000076293945
3014008684,33.332638,-116.295258,12,2020,0.8799999952316284,52.619998931884766,53.5,0.5899999737739563,3.799999952316284,20.90999984741211
3008568058,36.320625,-117.522378,12,2020,0,44.400001525878906,44.400001525878906,4.840000152587891,1.8899999856948853,14.90999984741211
3005089178,32.873184,-116.46669,12,2020,6,44.400001525878906,50.400001525878906,40.0099983215332,1.7999999523162842,12.3100004196167
3070278231,33.62632,-116.253062,1,2021,NA,NA,59.79999923706055,7.599999904632568,7.150000095367432,21.350000381469727
3058774674,34.980086,-119.184573,1,2021,0,45,45,31.709999084472656,3.680000066757202,14.260000228881836
3044611848,36.438573,-120.684726,1,2021,2.549999952316284,31.850000381469727,34.400001525878906,161.47999572753906,3.140000104904175,14.489999771118164
3039477738,33.836547,-116.310067,1,2021,0,63.29999923706055,63.29999923706055,12.880000114440918,8.279999732971191,19.729999542236328
3039449320,32.71465,-116.143042,1,2021,0,54.599998474121094,54.599998474121094,39.77000045776367,4.710000038146973,15.989999771118164
3039440769,33.8302,-116.335883,1,2021,0,65.30000305175781,65.30000305175781,11.529999732971191,8.550000190734863,20.25
3039428709,33.823233,-116.316822,1,2021,0,63.70000076293945,63.70000076293945,11.270000457763672,8.470000267028809,20.440000534057617
3039415825,33.85062,-116.323133,1,2021,0.6899999976158142,61.61000061035156,62.29999923706055,13.1899995803833,8.369999885559082,19.600000381469727
3039412769,33.826405,-116.31206,1,2021,0,62.400001525878906,62.400001525878906,11.819999694824219,8.380000114440918,20.209999084472656
3039284754,33.852322,-116.32727,1,2021,0,61.900001525878906,61.900001525878906,13.979999542236328,8.3100004196167,19.25
3032141548,33.624283,-116.269231,1,2021,0,58.79999923706055,58.79999923706055,8.020000457763672,7.28000020980835,21.25
3032001375,36.807038,-118.206407,1,2021,0,45.29999923706055,45.29999923706055,18.770000457763672,0.2199999988079071,12.069999694824219
3031729522,32.949525,-116.299748,1,2021,0,57.599998474121094,57.599998474121094,19.850000381469727,6.230000019073486,18.59000015258789
4028734511,34.605737,-117.830208,2,2021,0,0,70.30000305175781,0.14000000059604645,1.9900000095367432,17.6200008392334
3079538106,35.412933,-118.996862,2,2021,0,61.599998474121094,61.599998474121094,3.7799999713897705,5.260000228881836,18.290000915527344
3067973530,33.834364,-116.336165,2,2021,0,80,80,0.6600000262260437,10.350000381469727,22.899999618530273
3059125426,32.728842,-116.148711,2,2021,6.670000076293945,66.029998779296875,72.69999694824219,1.840000033378601,5.789999961853027,18.559999465942383
3058685651,32.738658,-115.96317,2,2021,0,73.80000305175781,73.80000305175781,0,6.989999771118164,22.989999771118164
3044955906,35.313829,-118.091408,2,2021,0,0,64.30000305175781,9.180000305175781,3.7300000190734863,16.079999923706055
3044927305,33.289353,-116.077025,2,2021,2.0999999046325684,72.80000305175781,74.9000015258789,0.12999999523162842,8.25,22.899999618530273
3044896865,36.576647,-120.698231,2,2021,0,51.20000076293945,51.20000076293945,3.069999933242798,4.710000038146973,17.110000610351563
3044881860,36.574319,-120.698119,2,2021,0,50.900001525878906,50.900001525878906,3.0199999809265137,4.760000228881836,17.239999771118164
3044779889,35.65282,-117.465713,2,2021,0,65.4000015258789,65.4000015258789,3.700000047683716,2.630000114440918,19.15999984741211
3044559901,35.371987,-117.991225,2,2021,0,0,68.19999694824219,8.920000076293945,3.559999942779541,16.450000762939453
3039444977,35.330253,-118.000816,2,2021,0,70.30000305175781,70.30000305175781,8.760000228881836,3.630000114440918,16.920000076293945
3039432748,33.491667,-115.772317,2,2021,0,73.5,73.5,0.05999999865889549,7.679999828338623,23.59000015258789
3039429779,33.494875,-115.767619,2,2021,0,73.5,73.5,0.05999999865889549,7.690000057220459,23.559999465942383
3039339706,33.4934,-115.795608,2,2021,0,73.69999694824219,73.69999694824219,0.03999999910593033,7.690000057220459,23.770000457763672
3039219478,33.499806,-115.841469,2,2021,0,73.80000305175781,73.80000305175781,0.029999999329447746,7.769999980926514,23.790000915527344
3039214786,33.491378,-115.773128,2,2021,0,73.5,73.5,0.05999999865889549,7.679999828338623,23.59000015258789
3698393355,33.842286,-116.38261,3,2021,0,112.5,112.5,0,9.529999732971191,23.600000381469727
3503182401,33.23951,-116.39217,3,2021,0,109.80000305175781,109.80000305175781,4.670000076293945,5.630000114440918,22.600000381469727
3456205235,36.996003,-117.365967,3,2021,0,102.30000305175781,102.30000305175781,5.269999980926514,5.630000114440918,19.18000030517578
3398687562,33.847137,-116.31568,3,2021,0,110.19999694824219,110.19999694824219,0.4099999964237213,8.930000305175781,23.1299991607666
3355173316,36.25734,-117.223109,3,2021,0,95.5,95.5,4.139999866485596,3.2200000286102295,16.219999313354492
3090792943,34.908658,-116.841003,3,2021,0,112.69999694824219,112.69999694824219,0,5.25,20.6299991607666
3079720197,33.838057,-116.313136,3,2021,0,111.19999694824219,111.19999694824219,0.6100000143051147,8.710000038146973,22.8799991607666
3070505216,33.616889,-116.263167,3,2021,0,109.19999694824219,109.19999694824219,0,8.9399995803833,24.219999313354492
3067748918,33.272234,-116.33989,3,2021,0,107.30000305175781,107.30000305175781,3.9700000286102295,5.909999847412109,23.09000015258789
3061812799,33.819319,-116.301487,3,2021,0,113.30000305175781,113.30000305175781,0.11999999731779099,9.470000267028809,23.760000228881836
3061802512,33.499995,-115.837312,3,2021,2.890000104904175,105.70999908447266,108.5999984741211,1.4700000286102295,8.149999618530273,24.40999984741211
3061774654,37.181745,-118.230805,3,2021,0,91.30000305175781,91.30000305175781,7.139999866485596,-1.2899999618530273,15.630000114440918
3061671196,33.658275,-116.268428,3,2021,NA,NA,109.69999694824219,0,9.140000343322754,24.149999618530273
3061556903,33.31545,-115.935137,3,2021,NA,NA,108.80000305175781,1.2200000286102295,8.15999984741211,24.360000610351563
3058921320,33.717587,-116.29769,3,2021,NA,NA,111.80000305175781,0,9.600000381469727,24.100000381469727
3058885461,33.729706,-116.168569,3,2021,0,112.0999984741211,112.0999984741211,0.10999999940395355,9.289999961853027,24.559999465942383
3058688205,35.536114,-119.07826,3,2021,0,98.19999694824219,98.19999694824219,26.280000686645508,5.789999961853027,19.469999313354492
4091615349,33.615662,-116.25052,4,2021,2.0199999809265137,152.77999877929688,154.8000030517578,0.05999999865889549,16.299999237060547,31.3799991607666
3760440759,36.38275,-117.80053,4,2021,0,132.89999389648438,132.89999389648438,2.1700000762939453,6.150000095367432,22.06999969482422
3124583435,37.1786,-118.315513,4,2021,0,138.39999389648438,138.39999389648438,1.4600000381469727,5.960000038146973,22.469999313354492
3097259155,33.84165,-116.308688,4,2021,0,154.6999969482422,154.6999969482422,0.029999999329447746,16,29.43000030517578
3097162609,35.778305,-120.133464,4,2021,0,128.60000610351563,128.60000610351563,1.159999966621399,7.900000095367432,25.139999389648438
3079750016,33.793428,-116.496836,4,2021,NA,NA,151,0,16.270000457763672,29.719999313354492
3399097610,36.25992,-117.217652,5,2021,0,170.6999969482422,170.6999969482422,0.14000000059604645,12.899999618530273,28.459999084472656
3384723082,35.390781,-117.558397,5,2021,0,181.10000610351563,181.10000610351563,0,14.569999694824219,28.040000915527344
3113525713,32.948083,-116.297264,5,2021,0,171,171,0,14.84000015258789,32.439998626708984
3112797487,35.319795,-117.851775,5,2021,0,186,186,0,15.510000228881836,30.760000228881836
3327756597,33.575406,-116.224594,6,2021,0.6499999761581421,198.5500030517578,199.1999969482422,0.33000001311302185,24.31999969482422,40.709999084472656
3355555731,33.499176,-115.848566,8,2021,5.75,187.4499969482422,193.1999969482422,4.210000038146973,27.170000076293945,39.810001373291016
3827670311,33.24528,-114.88556,9,2021,0,149.10000610351563,149.10000610351563,2.549999952316284,24.760000228881836,38.58000183105469
3384129539,37.18177,-118.237633,9,2021,0,141.6999969482422,141.6999969482422,2.9100000858306885,14.109999656677246,31.020000457763672
3384116570,37.185178,-118.235833,9,2021,0,142.39999389648438,142.39999389648438,2.9600000381469727,13.899999618530273,30.6200008392334
3355288889,35.97704,-117.921184,9,2021,0,143.3000030517578,143.3000030517578,4.559999942779541,17.280000686645508,32.81999969482422
3925061446,33.77708,-116.232613,10,2021,0,112.0999984741211,112.0999984741211,1.1399999856948853,14.979999542236328,29.809999465942383
3712456434,36.784725,-120.798487,10,2021,0,91.0999984741211,91.0999984741211,26.200000762939453,10.710000038146973,24.899999618530273
3399222989,33.619378,-116.26275,10,2021,0,107.5,107.5,0.6700000166893005,15.029999732971191,29.899999618530273
3399169199,32.975742,-116.363633,10,2021,0,109.5999984741211,109.5999984741211,6.139999866485596,11.760000228881836,28.360000610351563
3391403269,32.932282,-116.254617,10,2021,0.8100000023841858,106.98999786376953,107.80000305175781,3.75,13.510000228881836,29.809999465942383
3391356218,33.614831,-116.261058,10,2021,0,108.80000305175781,108.80000305175781,0.6700000166893005,15.010000228881836,29.889999389648438
3391313566,35.254803,-115.512833,10,2021,0,95.9000015258789,95.9000015258789,17.530000686645508,7.769999980926514,20.450000762939453
3384727271,32.950764,-116.304489,10,2021,0,103,103,5.730000019073486,12.3100004196167,28.649999618530273
3499577782,33.59047,-115.96267,11,2021,0,78.80000305175781,78.80000305175781,0,13.800000190734863,27.940000534057617
3456512382,33.138067,-116.377564,11,2021,0,71.5,71.5,0,13.510000228881836,26.3700008392334
3416065733,33.644038,-116.409653,11,2021,0,68.30000305175781,68.30000305175781,0,13.789999961853027,23.799999237060547
3415961935,32.93325,-116.257033,11,2021,0.6700000166893005,76.2300033569336,76.9000015258789,0,14.210000038146973,27.299999237060547
3415864995,33.846213,-116.307803,11,2021,0,80.30000305175781,80.30000305175781,0,15.770000457763672,28
3925009482,33.830233,-116.367154,12,2021,0,58,58,24.739999771118164,9.369999885559082,20
3759528735,33.751298,-116.197703,12,2021,2.5399999618530273,54.86000061035156,57.400001525878906,15.039999961853027,8.630000114440918,20.739999771118164
3457067912,32.975341,-116.217206,12,2021,0,58.79999923706055,58.79999923706055,31.760000228881836,8.050000190734863,18.40999984741211
3456962816,33.510795,-115.827238,12,2021,0,57.70000076293945,57.70000076293945,9.5,7.699999809265137,20.290000915527344
3456943593,35.373413,-117.996316,12,2021,0,50,50,60.65999984741211,2.4100000858306885,13.5600004196167
3456749860,36.61183,-118.123742,12,2021,21.90999984741211,20.190000534057617,42.099998474121094,53.59000015258789,-0.9800000190734863,9.75
3456426102,35.366887,-117.983095,12,2021,0,0,50,56.40999984741211,2.2799999713897705,13.869999885559082
3456040639,37.103986,-117.68335,12,2021,18.40999984741211,22.489999771118164,40.900001525878906,54.130001068115234,0.9599999785423279,12.609999656677246
3455618699,35.369792,-117.985663,12,2021,0,49.79999923706055,49.79999923706055,58.970001220703125,2.3499999046325684,13.65999984741211
3455484947,33.237442,-116.246557,12,2021,0,59.599998474121094,59.599998474121094,19.1299991607666,8.949999809265137,19.979999542236328
3985756498,35.011467,-116.928353,1,2022,2.390000104904175,62.11000061035156,64.5,0.8500000238418579,3.109999895095825,14.75
3858215900,35.432342,-115.698897,1,2022,0,48.5,48.5,3.4100000858306885,0.7300000190734863,13.140000343322754
3759506784,33.633619,-116.342236,1,2022,0,57.20000076293945,57.20000076293945,0.25,8.460000038146973,19.799999237060547
3468988469,36.326203,-117.514865,1,2022,0,46.29999923706055,46.29999923706055,0,2.3399999141693115,15.029999732971191
3466249645,33.846832,-116.438564,1,2022,0,66.19999694824219,66.19999694824219,0,9.920000076293945,21.18000030517578
3457196727,34.945692,-116.862853,1,2022,0,62.400001525878906,62.400001525878906,0.699999988079071,2.1600000858306885,15.670000076293945
3457114770,33.820832,-116.302425,1,2022,0,66.0999984741211,66.0999984741211,0,9.40999984741211,21.5
3456832440,33.576738,-115.921447,1,2022,0,64.0999984741211,64.0999984741211,0,8.109999656677246,20.950000762939453
3455873009,33.815872,-116.555313,1,2022,3.619999885559082,58.68000030517578,62.29999923706055,0,10.1899995803833,21.1299991607666
4076297579,36.339142,-117.467797,2,2022,0,63.20000076293945,63.20000076293945,0.6100000143051147,4.050000190734863,18.690000534057617
4046677468,33.207956,-116.31444,2,2022,0,74.30000305175781,74.30000305175781,2.069999933242798,9.140000343322754,22.329999923706055
4046493443,33.256903,-116.33416,2,2022,1.899999976158142,72.9000015258789,74.80000305175781,1.899999976158142,9,22.18000030517578
3743098437,34.863392,-117.095444,2,2022,0,70.5999984741211,70.5999984741211,3.759999990463257,1.2699999809265137,17.06999969482422
3705759533,37.2157,-118.242505,2,2022,5.510000228881836,52.790000915527344,58.29999923706055,2.1600000858306885,-1.659999966621399,12.640000343322754
3705727580,33.204308,-116.318547,2,2022,0,74.30000305175781,74.30000305175781,2.259999990463257,9.069999694824219,22.170000076293945
3698330726,32.861358,-116.224525,2,2022,0,72.19999694824219,72.19999694824219,12.890000343322754,6.829999923706055,20.5
3698233612,33.584319,-115.942381,2,2022,0,75.30000305175781,75.30000305175781,0.8500000238418579,8.3100004196167,21.940000534057617
3698054939,33.420548,-115.180415,2,2022,0,71.5,71.5,1.649999976158142,4.46999979019165,20.1299991607666
3499637554,36.600175,-116.985444,2,2022,0,0,67.80000305175781,0.8700000047683716,8.460000038146973,23.68000030517578
3466481658,33.3879,-116.033822,2,2022,0,74.30000305175781,74.30000305175781,0.12999999523162842,9.300000190734863,23.420000076293945
3760018653,37.162878,-118.212028,3,2022,0,98.69999694824219,98.69999694824219,2.430000066757202,2.9100000858306885,16.799999237060547
3743074587,33.138956,-116.386269,3,2022,11.869999885559082,93.33000183105469,105.19999694824219,8.819999694824219,10.720000267028809,23.520000457763672
3712712864,36.351058,-117.296783,3,2022,0,98.0999984741211,98.0999984741211,1.6699999570846558,5.78000020980835,19.649999618530273
3712575933,35.268012,-116.073891,3,2022,2.9800000190734863,109.91999816894531,112.9000015258789,0.1599999964237213,8.800000190734863,26.309999465942383
3712534776,33.141662,-116.473503,3,2022,24.170000076293945,81.2300033569336,105.4000015258789,25.3799991607666,8.460000038146973,20.6200008392334
3712493171,32.990697,-116.214165,3,2022,0,109.30000305175781,109.30000305175781,12.15999984741211,11.079999923706055,23.959999084472656
3705646960,33.136534,-116.373512,3,2022,11.260000228881836,91.13999938964844,102.4000015258789,8.020000457763672,10.930000305175781,23.770000457763672
3925367471,34.128667,-116.044106,4,2022,0,150.5,150.5,0.029999999329447746,12.779999732971191,29.18000030517578
3925022463,33.284885,-116.10474,4,2022,0,154.60000610351563,154.60000610351563,0.2800000011920929,15.039999961853027,30.139999389648438
3764129191,33.426844,-116.060971,4,2022,0,152.1999969482422,152.1999969482422,0,15.460000038146973,30.860000610351563
3759759602,35.337833,-118.012756,4,2022,0,144.5,144.5,6.449999809265137,10.680000305175781,22.770000457763672
3759462546,33.989978,-116.657975,4,2022,19.3799991607666,113.62000274658203,133,3.569999933242798,12.380000114440918,24.459999084472656
4028903357,37.228104,-118.238048,5,2022,0,162.3000030517578,162.3000030517578,0,6.840000152587891,23.329999923706055
3925038497,33.773505,-116.303757,5,2022,NA,NA,185.1999969482422,0,19.790000915527344,34.0099983215332
3784791428,34.128753,-116.03835,5,2022,0,182.1999969482422,182.1999969482422,0,16.579999923706055,32.75
3784788087,36.568741,-117.971146,5,2022,0,168,168,0,10.710000038146973,26.719999313354492
3784696443,34.175878,-116.23427,5,2022,0,180.1999969482422,180.1999969482422,0,15.029999732971191,31.530000686645508
3773640019,33.105686,-116.451547,5,2022,0,166.1999969482422,166.1999969482422,0,11.979999542236328,29.09000015258789
3947720761,35.877773,-117.907537,6,2022,0,200.60000610351563,200.60000610351563,4.559999942779541,19.5,33.33000183105469
3994342498,35.1204,-117.254922,7,2022,0,213.39999389648438,213.39999389648438,2.509999990463257,22.479999542236328,38.43000030517578
3902670143,35.005265,-117.717955,7,2022,7.400000095367432,203.89999389648438,211.3000030517578,0.009999999776482582,20.610000610351563,38.09000015258789
3881714833,37.187878,-118.250388,7,2022,3.5199999809265137,206.3800048828125,209.89999389648438,2.7200000286102295,19.540000915527344,35.65999984741211
4018317609,36.603858,-118.118636,8,2022,0,176.3000030517578,176.3000030517578,31.260000228881836,19.270000457763672,33.27000045776367
3925156611,33.822737,-116.286721,8,2022,0,193.60000610351563,193.60000610351563,1.3200000524520874,28.729999542236328,39.529998779296875
4018213644,35.039403,-116.381767,9,2022,4.789999961853027,152.41000366210938,157.1999969482422,12.75,22.139999389648438,37.4900016784668
4010643330,35.1832,-114.926017,9,2022,0,144.8000030517578,144.8000030517578,13.010000228881836,22.889999389648438,35.5099983215332
3961129748,36.211503,-117.906647,9,2022,0,134.3000030517578,134.3000030517578,9.9399995803833,16.030000686645508,30.280000686645508
3947411425,37.171577,-118.210893,9,2022,3.75,139.5500030517578,143.3000030517578,15.75,15.680000305175781,29.850000381469727
3925138665,33.826874,-116.294789,9,2022,9.180000305175781,144.32000732421875,153.5,21.68000030517578,25.610000610351563,36.90999984741211
3923283938,37.39658,-118.31567,9,2022,3.2699999809265137,137.22999572753906,140.5,15.270000457763672,15.270000457763672,30.360000610351563
3915465100,32.830979,-116.181607,9,2022,0,146.1999969482422,146.1999969482422,20.15999984741211,24.6299991607666,36.02000045776367
3902742076,33.798335,-116.297833,9,2022,0.09000000357627869,153.2100067138672,153.3000030517578,22.209999084472656,26.200000762939453,37.63999938964844
